{"cameraMode":{"drawMode":0,"name":"Shaded","section":"Shading Mode"},"sceneLighting":true,"audioPlay":false,"sceneViewState":{"showFog":true,"showMaterialUpdate":true,"showSkybox":true,"showFlares":true,"showImageEffects":true,"showParticleSystems":true},"in2DMode":false,"pivot":{"x":-5.137776851654053,"y":-6.313579559326172,"z":-60.8795280456543},"rotation":{"x":-0.0017459230730310083,"y":0.9977349638938904,"z":-0.06026831641793251,"w":-0.038602255284786227},"size":31.87575912475586,"orthographic":false}